Country,Job Title,Salary,Experience,Job Posting Date,Gender
India,Aerospace Engineer,39467,6,01/01/2023,Female
Germany,Art Teacher,39723,10,01/03/2023,Female
India,Art Teacher,13627,8,01/05/2023,Female
India,Art Teacher,35939,10,01/07/2023,Female
India,Art Teacher,31834,3,01/09/2023,Female
Germany,Art Teacher,28047,10,01/11/2023,Female
India,Art Teacher,36105,6,01/13/2023,Female
India,Aerospace Engineer,20230,13,01/15/2023,Female
India,Aerospace Engineer,25707,3,01/18/2023,Female
Germany,Art Teacher,31976,10,01/20/2023,Female
India,Aerospace Engineer,33776,6,01/22/2023,Female
India,Data Scientist,40080,8,01/24/2023,Female
India,Art Teacher,11306,10,01/26/2023,Female
India,Data Scientist,16776,6,01/28/2023,Female
Germany,Data Scientist,37251,5,01/30/2023,Female
India,Art Teacher,19474,11,02/01/2023,Female
Germany,Aerospace Engineer,31959,5,02/04/2023,Female
Germany,Data Scientist,15530,11,02/06/2023,Female
Germany,Art Teacher,39320,4,02/08/2023,Female
India,Data Scientist,13748,4,02/10/2023,Female
Germany,Data Scientist,41968,4,02/12/2023,Female
India,Data Scientist,42562,8,02/14/2023,Female
Germany,Data Scientist,23545,5,02/16/2023,Female
Germany,Aerospace Engineer,10663,11,02/19/2023,Female
Germany,Data Scientist,44766,6,02/21/2023,Female
Germany,Data Scientist,17994,3,02/23/2023,Female
Germany,Data Scientist,38021,6,02/25/2023,Female
Germany,Aerospace Engineer,40303,3,02/27/2023,Female
Germany,Data Scientist,13304,7,03/01/2023,Female
Germany,Data Scientist,49353,6,03/03/2023,Female
India,Aerospace Engineer,27675,10,03/05/2023,Female
India,Aerospace Engineer,33938,10,03/08/2023,Female
Germany,Aerospace Engineer,33664,9,03/10/2023,Female
Germany,Data Scientist,11636,5,03/12/2023,Female
Germany,Aerospace Engineer,30080,3,03/14/2023,Female
India,Aerospace Engineer,37728,3,03/16/2023,Female
Germany,Data Scientist,36736,14,03/18/2023,Female
India,Aerospace Engineer,38673,13,03/20/2023,Female
India,Data Scientist,47505,5,03/22/2023,Female
India,Art Teacher,10854,8,03/25/2023,Female
India,Aerospace Engineer,34548,9,03/27/2023,Female
India,Art Teacher,48623,8,03/29/2023,Female
Germany,Data Scientist,17392,8,03/31/2023,Female
Germany,Aerospace Engineer,31556,8,04/02/2023,Female
Germany,Data Scientist,48559,5,04/04/2023,Female
Germany,Art Teacher,36309,8,04/06/2023,Female
Germany,Data Scientist,31919,10,04/09/2023,Female
India,Aerospace Engineer,14931,13,04/11/2023,Female
Germany,Aerospace Engineer,42970,13,04/13/2023,Female
Germany,Art Teacher,22688,4,04/15/2023,Female
India,Data Scientist,35342,7,04/17/2023,Female
Germany,Aerospace Engineer,47157,3,04/19/2023,Female
India,Art Teacher,12327,14,04/21/2023,Female
Germany,Aerospace Engineer,10197,3,04/23/2023,Female
India,Aerospace Engineer,33509,7,04/26/2023,Female
Germany,Data Scientist,44698,14,04/28/2023,Female
Germany,Aerospace Engineer,25087,5,04/30/2023,Female
India,Data Scientist,32671,6,05/02/2023,Female
India,Aerospace Engineer,35184,5,05/04/2023,Female
India,Art Teacher,37848,3,05/06/2023,Female
India,Aerospace Engineer,30666,3,05/08/2023,Female
India,Data Scientist,25708,14,05/11/2023,Female
India,Data Scientist,36370,14,05/13/2023,Female
India,Art Teacher,12811,7,05/15/2023,Female
India,Aerospace Engineer,16546,8,05/17/2023,Female
Germany,Aerospace Engineer,44754,5,05/19/2023,Female
Germany,Art Teacher,40206,14,05/21/2023,Female
India,Aerospace Engineer,21411,11,05/23/2023,Female
Germany,Aerospace Engineer,12911,7,05/25/2023,Female
Germany,Data Scientist,11734,10,05/28/2023,Female
Germany,Aerospace Engineer,28227,3,05/30/2023,Female
Germany,Aerospace Engineer,18680,7,06/01/2023,Female
India,Art Teacher,29360,5,06/03/2023,Female
Germany,Art Teacher,28343,14,06/05/2023,Female
India,Data Scientist,15759,3,06/07/2023,Female
Germany,Aerospace Engineer,33078,6,06/09/2023,Female
Germany,Aerospace Engineer,45153,7,06/11/2023,Female
Germany,Aerospace Engineer,21111,9,06/14/2023,Female
India,Data Scientist,47504,3,06/16/2023,Female
Germany,Data Scientist,11802,5,06/18/2023,Female
India,Art Teacher,18155,4,06/20/2023,Female
Germany,Data Scientist,18120,11,06/22/2023,Female
India,Aerospace Engineer,49384,12,06/24/2023,Female
Germany,Aerospace Engineer,31918,8,06/26/2023,Female
India,Data Scientist,30445,12,06/29/2023,Female
India,Aerospace Engineer,40306,5,07/01/2023,Female
Germany,Aerospace Engineer,26646,10,07/03/2023,Female
India,Data Scientist,41065,10,07/05/2023,Female
Germany,Data Scientist,35199,4,07/07/2023,Female
Germany,Aerospace Engineer,26371,8,07/09/2023,Female
Germany,Aerospace Engineer,21835,9,07/11/2023,Female
Germany,Aerospace Engineer,12049,4,07/13/2023,Female
Germany,Art Teacher,41616,13,07/16/2023,Female
Germany,Art Teacher,48191,12,07/18/2023,Female
Germany,Art Teacher,30932,4,07/20/2023,Female
Germany,Data Scientist,39855,12,07/22/2023,Female
Germany,Art Teacher,17158,3,07/24/2023,Female
Germany,Data Scientist,17400,10,07/26/2023,Female
Germany,Data Scientist,25151,3,07/28/2023,Female
India,Art Teacher,11154,11,07/31/2023,Female
